Time_Taken,Sensor 1,Sensor 2,Sensor 3,Sensor 4
0,0.105999999,0.103,0.077,0.093000002
3,0.108999997,0.103,0.077,0.096000001
6,0.108999997,0.103,0.077,0.093000002
9,0.108999997,0.103,0.077,0.096000001
13,0.108999997,0.103,0.077,0.093000002
17,0.108999997,0.103,0.077,0.096000001
20,0.108999997,0.103,0.077,0.096000001
23,0.108999997,0.103,0.077,0.096000001
26,0.108999997,0.103,0.077,0.096000001
29,0.105999999,0.103,0.077,0.096000001
32,0.108999997,0.103,0.077,0.096000001
35,0.108999997,0.103,0.077,0.096000001
39,0.108999997,0.103,0.077,0.093000002
42,0.108999997,0.103,0.077,0.096000001
45,0.112000003,0.103,0.077,0.096000001
48,0.115999997,0.105999999,0.077,0.093000002
51,0.141000003,0.103,0.077,0.096000001
54,0.200000003,0.105999999,0.077,0.096000001
57,0.280000001,0.103,0.077,0.096000001
60,0.361000001,0.103,0.077,0.096000001
64,0.453999996,0.103,0.077,0.096000001
68,0.522000015,0.105999999,0.077,0.096000001
72,0.587000012,0.103,0.077,0.096000001
76,0.638000011,0.103,0.077,0.096000001
80,0.676999986,0.103,0.077,0.096000001
83,0.699999988,0.103,0.077,0.096000001
86,0.718999982,0.105999999,0.077,0.096000001
89,0.745000005,0.105999999,0.077,0.096000001
93,0.763999999,0.105999999,0.077,0.096000001
96,0.782999992,0.103,0.077,0.096000001
99,0.800000012,0.105999999,0.077,0.096000001
102,0.815999985,0.105999999,0.077,0.096000001
105,0.832000017,0.105999999,0.077,0.096000001
108,0.845000029,0.103,0.077,0.096000001
111,0.861000001,0.105999999,0.077,0.096000001
114,0.874000013,0.105999999,0.077,0.096000001
118,0.889999986,0.105999999,0.077,0.096000001
122,0.902999997,0.105999999,0.077,0.096000001
126,0.916000009,0.103,0.077,0.096000001
130,0.925000012,0.105999999,0.077,0.096000001
134,0.935000002,0.105999999,0.077,0.096000001
138,0.948000014,0.105999999,0.077,0.096000001
142,0.958000004,0.105999999,0.079999998,0.096000001
146,0.963999987,0.105999999,0.077,0.096000001
149,0.970000029,0.105999999,0.077,0.096000001
152,0.980000019,0.103,0.077,0.096000001
155,0.98299998,0.105999999,0.077,0.096000001
158,0.99000001,0.105999999,0.077,0.100000001
161,0.992999971,0.105999999,0.077,0.100000001
164,0.995999992,0.105999999,0.077,0.096000001
167,1,0.105999999,0.077,0.096000001
169,1.003000021,0.105999999,0.077,0.096000001
172,1.006000042,0.108999997,0.079999998,0.100000001
175,1.008999944,0.112000003,0.077,0.096000001
178,1.011999965,0.119000003,0.077,0.096000001
181,1.016000032,0.125,0.077,0.096000001
184,1.019000053,0.137999997,0.077,0.096000001
187,1.021999955,0.153999999,0.079999998,0.096000001
190,1.024999976,0.170000002,0.079999998,0.096000001
193,1.024999976,0.195999995,0.079999998,0.096000001
196,1.029000044,0.222000003,0.077,0.096000001
199,1.031999946,0.250999987,0.079999998,0.096000001
203,1.034999967,0.282999992,0.079999998,0.100000001
207,1.034999967,0.324999988,0.079999998,0.096000001
210,1.037999988,0.35800001,0.077,0.096000001
213,1.037999988,0.389999986,0.079999998,0.100000001
216,1.037999988,0.419,0.079999998,0.100000001
219,1.041000009,0.444999993,0.079999998,0.100000001
222,1.041000009,0.474000007,0.079999998,0.096000001
225,1.041000009,0.495999992,0.079999998,0.100000001
228,1.044999957,0.518999994,0.079999998,0.100000001
231,1.044999957,0.541000009,0.079999998,0.100000001
234,1.044999957,0.56099999,0.079999998,0.100000001
237,1.044999957,0.579999983,0.079999998,0.100000001
240,1.047999978,0.596000016,0.077,0.100000001
243,1.047999978,0.611999989,0.079999998,0.096000001
247,1.050999999,0.632000029,0.079999998,0.100000001
251,1.050999999,0.653999984,0.079999998,0.100000001
255,1.050999999,0.674000025,0.079999998,0.100000001
260,1.05400002,0.693000019,0.077,0.100000001
264,1.05400002,0.708999991,0.079999998,0.096000001
268,1.05400002,0.722000003,0.079999998,0.096000001
270,1.05400002,0.728999972,0.079999998,0.100000001
272,1.05400002,0.737999976,0.079999998,0.100000001
274,1.05400002,0.740999997,0.079999998,0.096000001
276,1.05400002,0.748000026,0.077,0.100000001
278,1.05400002,0.758000016,0.079999998,0.100000001
280,1.05400002,0.760999978,0.079999998,0.100000001
282,1.05400002,0.76700002,0.079999998,0.100000001
284,1.05400002,0.773999989,0.079999998,0.100000001
286,1.05400002,0.779999971,0.079999998,0.100000001
288,1.05400002,0.782999992,0.079999998,0.100000001
290,1.05400002,0.787,0.077,0.100000001
292,1.05400002,0.796000004,0.079999998,0.100000001
294,1.05400002,0.800000012,0.079999998,0.100000001
296,1.057999969,0.802999973,0.079999998,0.100000001
299,1.057999969,0.811999977,0.079999998,0.100000001
302,1.057999969,0.819000006,0.079999998,0.100000001
305,1.057999969,0.824999988,0.077,0.100000001
308,1.057999969,0.832000017,0.079999998,0.100000001
312,1.057999969,0.838,0.079999998,0.100000001
315,1.057999969,0.845000029,0.079999998,0.100000001
318,1.057999969,0.851000011,0.079999998,0.100000001
321,1.057999969,0.85799998,0.079999998,0.100000001
324,1.057999969,0.864000022,0.079999998,0.100000001
327,1.057999969,0.870000005,0.082999997,0.103
330,1.06099999,0.876999974,0.082999997,0.103
333,1.06099999,0.883000016,0.082999997,0.100000001
335,1.06099999,0.887000024,0.086999997,0.100000001
337,1.06099999,0.889999986,0.086999997,0.100000001
339,1.06099999,0.893000007,0.090000004,0.100000001
341,1.06099999,0.896000028,0.090000004,0.100000001
343,1.06099999,0.899999976,0.093000002,0.100000001
345,1.06099999,0.902999997,0.096000001,0.100000001
347,1.06099999,0.902999997,0.100000001,0.100000001
349,1.06099999,0.906000018,0.103,0.103
351,1.06099999,0.908999979,0.108999997,0.100000001
354,1.06099999,0.912,0.115999997,0.100000001
357,1.06099999,0.916000009,0.122000001,0.103
361,1.06400001,0.921999991,0.135000005,0.100000001
364,1.06400001,0.921999991,0.141000003,0.100000001
368,1.06400001,0.925000012,0.158000007,0.103
371,1.06400001,0.92900002,0.170000002,0.100000001
374,1.06400001,0.931999981,0.187000006,0.100000001
377,1.06400001,0.935000002,0.200000003,0.100000001
380,1.06400001,0.938000023,0.216000006,0.100000001
383,1.067000031,0.938000023,0.231999993,0.100000001
386,1.067000031,0.940999985,0.247999996,0.100000001
389,1.067000031,0.944999993,0.263999999,0.100000001
392,1.067000031,0.948000014,0.27700001,0.103
394,1.067000031,0.948000014,0.293000013,0.100000001
396,1.067000031,0.948000014,0.300000012,0.103
398,1.067000031,0.953999996,0.308999985,0.103
400,1.067000031,0.953999996,0.321999997,0.100000001
402,1.067000031,0.958000004,0.331999987,0.100000001
404,1.067000031,0.958000004,0.338,0.100000001
406,1.067000031,0.958000004,0.34799999,0.100000001
408,1.067000031,0.961000025,0.354000002,0.103
410,1.067000031,0.961000025,0.363999993,0.100000001
412,1.067000031,0.963999987,0.374000013,0.103
415,1.067000031,0.967000008,0.382999986,0.103
418,1.070000052,0.967000008,0.395999998,0.103
421,1.070000052,0.970000029,0.405999988,0.100000001
425,1.070000052,0.973999977,0.419,0.103
429,1.070000052,0.973999977,0.42899999,0.103
431,1.070000052,0.973999977,0.437999994,0.103
434,1.070000052,0.976999998,0.448000014,0.103
437,1.070000052,0.976999998,0.458000004,0.103
440,1.070000052,0.980000019,0.467000008,0.103
443,1.070000052,0.980000019,0.474000007,0.103
445,1.070000052,0.980000019,0.476999998,0.103
447,1.070000052,0.98299998,0.48300001,0.103
449,1.070000052,0.98299998,0.49000001,0.103
451,1.070000052,0.98299998,0.495999992,0.100000001
453,1.070000052,0.98299998,0.5,0.103
456,1.067000031,0.986999989,0.505999982,0.103
459,1.070000052,0.986999989,0.515999973,0.103
461,1.070000052,0.986999989,0.518999994,0.103
463,1.070000052,0.986999989,0.524999976,0.103
465,1.070000052,0.986999989,0.528999984,0.103
466,1.070000052,0.99000001,0.528999984,0.103
467,1.070000052,0.99000001,0.532000005,0.103
468,1.070000052,0.99000001,0.535000026,0.103
469,1.070000052,0.99000001,0.535000026,0.103
470,1.070000052,0.99000001,0.537999988,0.103
471,1.070000052,0.99000001,0.541000009,0.103
472,1.070000052,0.99000001,0.545000017,0.103
473,1.070000052,0.992999971,0.545000017,0.103
474,1.070000052,0.99000001,0.547999978,0.103
475,1.070000052,0.992999971,0.547999978,0.100000001
477,1.070000052,0.992999971,0.550999999,0.103
478,1.070000052,0.992999971,0.55400002,0.103
479,1.070000052,0.992999971,0.55400002,0.100000001
480,1.070000052,0.992999971,0.558000028,0.103
481,1.070000052,0.992999971,0.56099999,0.100000001
482,1.070000052,0.992999971,0.56099999,0.103
483,1.070000052,0.992999971,0.56400001,0.103
484,1.070000052,0.992999971,0.566999972,0.103
485,1.070000052,0.992999971,0.566999972,0.103
486,1.070000052,0.992999971,0.569999993,0.103
487,1.070000052,0.992999971,0.574000001,0.103
488,1.070000052,0.992999971,0.574000001,0.103
489,1.070000052,0.992999971,0.574000001,0.103
490,1.070000052,0.992999971,0.577000022,0.103
491,1.070000052,0.995999992,0.579999983,0.103
492,1.070000052,0.995999992,0.579999983,0.103
493,1.070000052,0.995999992,0.583000004,0.103
494,1.070000052,0.995999992,0.587000012,0.103
496,1.067000031,0.995999992,0.589999974,0.103
498,1.067000031,0.995999992,0.592999995,0.100000001
500,1.070000052,0.995999992,0.596000016,0.103
502,1.070000052,0.995999992,0.600000024,0.103
504,1.070000052,0.995999992,0.602999985,0.103
506,1.070000052,1,0.606000006,0.103
508,1.070000052,1,0.609000027,0.103
510,1.070000052,1,0.615999997,0.103
512,1.067000031,1,0.619000018,0.103
514,1.067000031,1,0.621999979,0.100000001
516,1.070000052,1,0.625,0.103
518,1.067000031,1,0.629000008,0.103
520,1.067000031,1,0.629000008,0.103
522,1.067000031,1,0.63499999,0.103
523,1.067000031,1,0.63499999,0.103
524,1.067000031,1,0.638000011,0.103
525,1.067000031,1,0.640999973,0.103
526,1.067000031,1,0.640999973,0.103
527,1.067000031,1,0.640999973,0.103
528,1.067000031,1,0.644999981,0.103
529,1.067000031,1,0.644999981,0.103
531,1.067000031,1,0.644999981,0.103
532,1.067000031,1,0.648000002,0.103
533,1.067000031,1,0.651000023,0.103
534,1.067000031,1,0.651000023,0.103
535,1.067000031,1,0.651000023,0.103
536,1.067000031,1,0.653999984,0.105999999
537,1.067000031,1,0.653999984,0.103
538,1.067000031,1,0.657999992,0.103
539,1.067000031,1,0.657999992,0.103
540,1.067000031,1,0.657999992,0.103
541,1.06400001,1,0.657999992,0.105999999
542,1.067000031,1.003000021,0.661000013,0.105999999
543,1.06400001,1,0.661000013,0.103
544,1.06400001,1,0.663999975,0.105999999
547,1.06400001,1.003000021,0.666999996,0.105999999
550,1.06400001,1,0.674000025,0.105999999
553,1.06400001,1.003000021,0.676999986,0.108999997
556,1.06400001,1.003000021,0.683000028,0.108999997
559,1.06400001,1.003000021,0.686999977,0.108999997
562,1.06400001,1.003000021,0.693000019,0.112000003
565,1.06400001,1.003000021,0.69599998,0.119000003
568,1.067000031,1.003000021,0.699999988,0.119000003
571,1.06400001,1.003000021,0.703000009,0.122000001
574,1.06400001,1.006000042,0.70599997,0.125
577,1.06400001,1.006000042,0.712000012,0.128999993
580,1.06400001,1.006000042,0.718999982,0.131999999
583,1.067000031,1.006000042,0.722000003,0.141000003
587,1.067000031,1.006000042,0.725000024,0.144999996
589,1.067000031,1.006000042,0.728999972,0.148000002
591,1.067000031,1.006000042,0.731999993,0.150999993
593,1.067000031,1.006000042,0.731999993,0.153999999
595,1.067000031,1.006000042,0.735000014,0.160999998
597,1.067000031,1.006000042,0.737999976,0.164000005
599,1.070000052,1.008999944,0.740999997,0.170000002
602,1.070000052,1.008999944,0.745000005,0.180000007
605,1.070000052,1.008999944,0.748000026,0.187000006
608,1.070000052,1.008999944,0.750999987,0.195999995
611,1.070000052,1.008999944,0.754000008,0.206
614,1.070000052,1.008999944,0.760999978,0.211999997
617,1.070000052,1.008999944,0.760999978,0.222000003
620,1.070000052,1.008999944,0.763999999,0.231999993
623,1.070000052,1.008999944,0.76700002,0.238000005
626,1.070000052,1.011999965,0.769999981,0.250999987
629,1.070000052,1.011999965,0.769999981,0.257999986
632,1.074000001,1.011999965,0.773999989,0.270000011
635,1.074000001,1.011999965,0.779999971,0.273999989
637,1.074000001,1.011999965,0.779999971,0.282999992
640,1.074000001,1.011999965,0.782999992,0.293000013
644,1.074000001,1.011999965,0.787,0.300000012
646,1.074000001,1.011999965,0.790000021,0.305999994
648,1.074000001,1.011999965,0.790000021,0.308999985
650,1.074000001,1.011999965,0.792999983,0.316000015
651,1.074000001,1.011999965,0.792999983,0.316000015
652,1.074000001,1.011999965,0.792999983,0.321999997
653,1.074000001,1.011999965,0.796000004,0.324999988
655,1.074000001,1.011999965,0.796000004,0.331999987
657,1.074000001,1.011999965,0.800000012,0.338
659,1.074000001,1.011999965,0.800000012,0.340999991
661,1.074000001,1.011999965,0.800000012,0.34799999
663,1.074000001,1.011999965,0.802999973,0.354000002
665,1.074000001,1.016000032,0.802999973,0.35800001
667,1.074000001,1.011999965,0.802999973,0.363999993
669,1.074000001,1.011999965,0.805999994,0.367000014
671,1.074000001,1.016000032,0.805999994,0.374000013
673,1.074000001,1.016000032,0.805999994,0.379999995
675,1.074000001,1.016000032,0.809000015,0.386999995
677,1.074000001,1.011999965,0.809000015,0.389999986
679,1.074000001,1.011999965,0.809000015,0.393000007
681,1.074000001,1.011999965,0.811999977,0.400000006
683,1.070000052,1.016000032,0.811999977,0.405999988
685,1.074000001,1.016000032,0.811999977,0.409000009
687,1.074000001,1.016000032,0.811999977,0.412
689,1.074000001,1.016000032,0.815999985,0.419
691,1.074000001,1.016000032,0.815999985,0.421999991
693,1.074000001,1.016000032,0.819000006,0.425000012
696,1.074000001,1.016000032,0.819000006,0.42899999
698,1.070000052,1.016000032,0.819000006,0.435000002
700,1.070000052,1.016000032,0.819000006,0.441000015
703,1.070000052,1.016000032,0.822000027,0.448000014
706,1.070000052,1.016000032,0.822000027,0.453999996
709,1.070000052,1.016000032,0.824999988,0.460999995
712,1.070000052,1.016000032,0.824999988,0.467000008
714,1.070000052,1.016000032,0.824999988,0.469999999
716,1.070000052,1.016000032,0.828999996,0.476999998
718,1.070000052,1.016000032,0.828999996,0.48300001
720,1.070000052,1.011999965,0.828999996,0.486999989
722,1.070000052,1.016000032,0.832000017,0.49000001
724,1.070000052,1.016000032,0.832000017,0.493000001
726,1.067000031,1.016000032,0.832000017,0.495999992
728,1.070000052,1.016000032,0.834999979,0.5
730,1.067000031,1.016000032,0.834999979,0.505999982
732,1.067000031,1.016000032,0.834999979,0.512000024
735,1.067000031,1.016000032,0.834999979,0.515999973
738,1.067000031,1.016000032,0.838,0.522000015
741,1.067000031,1.016000032,0.841000021,0.528999984
744,1.067000031,1.016000032,0.841000021,0.532000005
747,1.067000031,1.016000032,0.845000029,0.537999988
751,1.067000031,1.016000032,0.845000029,0.541000009
753,1.067000031,1.016000032,0.845000029,0.541000009
755,1.067000031,1.016000032,0.84799999,0.547999978
757,1.067000031,1.016000032,0.84799999,0.550999999
759,1.067000031,1.011999965,0.84799999,0.55400002
761,1.067000031,1.016000032,0.851000011,0.55400002
763,1.067000031,1.016000032,0.851000011,0.56099999
765,1.067000031,1.016000032,0.851000011,0.56400001
767,1.067000031,1.016000032,0.851000011,0.566999972
769,1.067000031,1.016000032,0.853999972,0.569999993
771,1.067000031,1.016000032,0.853999972,0.574000001
773,1.067000031,1.016000032,0.853999972,0.579999983
775,1.067000031,1.016000032,0.85799998,0.579999983
777,1.067000031,1.016000032,0.85799998,0.583000004
778,1.067000031,1.016000032,0.85799998,0.587000012
779,1.067000031,1.016000032,0.861000001,0.589999974
781,1.067000031,1.016000032,0.861000001,0.592999995
783,1.067000031,1.016000032,0.861000001,0.596000016
785,1.070000052,1.016000032,0.861000001,0.600000024
787,1.070000052,1.016000032,0.861000001,0.602999985
789,1.070000052,1.016000032,0.861000001,0.606000006
791,1.070000052,1.016000032,0.861000001,0.609000027
793,1.070000052,1.016000032,0.864000022,0.611999989
795,1.070000052,1.016000032,0.861000001,0.615999997
797,1.070000052,1.016000032,0.861000001,0.619000018
799,1.070000052,1.016000032,0.864000022,0.619000018
802,1.070000052,1.016000032,0.861000001,0.625
804,1.070000052,1.016000032,0.864000022,0.625
806,1.070000052,1.016000032,0.864000022,0.632000029
808,1.070000052,1.016000032,0.864000022,0.632000029
810,1.070000052,1.016000032,0.864000022,0.63499999
812,1.070000052,1.016000032,0.864000022,0.638000011
814,1.070000052,1.016000032,0.864000022,0.640999973
816,1.070000052,1.016000032,0.864000022,0.640999973
818,1.070000052,1.019000053,0.864000022,0.648000002
820,1.070000052,1.019000053,0.864000022,0.648000002
822,1.070000052,1.019000053,0.864000022,0.651000023
824,1.070000052,1.019000053,0.864000022,0.657999992
826,1.070000052,1.019000053,0.864000022,0.657999992
828,1.070000052,1.019000053,0.864000022,0.661000013
830,1.070000052,1.019000053,0.864000022,0.663999975
832,1.070000052,1.019000053,0.864000022,0.666999996
834,1.070000052,1.019000053,0.864000022,0.666999996
837,1.070000052,1.019000053,0.866999984,0.670000017
840,1.070000052,1.019000053,0.866999984,0.676999986
842,1.070000052,1.019000053,0.866999984,0.680000007
844,1.070000052,1.019000053,0.866999984,0.683000028
846,1.070000052,1.019000053,0.866999984,0.683000028
848,1.070000052,1.019000053,0.866999984,0.686999977
850,1.070000052,1.016000032,0.866999984,0.686999977
852,1.070000052,1.019000053,0.864000022,0.689999998
854,1.070000052,1.019000053,0.866999984,0.693000019
856,1.070000052,1.019000053,0.866999984,0.69599998
859,1.070000052,1.019000053,0.866999984,0.699999988
861,1.070000052,1.019000053,0.866999984,0.703000009
863,1.070000052,1.019000053,0.866999984,0.70599997
865,1.070000052,1.019000053,0.870000005,0.708999991
867,1.070000052,1.019000053,0.866999984,0.708999991
869,1.070000052,1.019000053,0.870000005,0.712000012
871,1.070000052,1.019000053,0.870000005,0.712000012
873,1.067000031,1.019000053,0.870000005,0.718999982
875,1.070000052,1.019000053,0.870000005,0.718999982
877,1.070000052,1.019000053,0.870000005,0.722000003
879,1.070000052,1.019000053,0.866999984,0.722000003
881,1.070000052,1.019000053,0.870000005,0.725000024
883,1.070000052,1.019000053,0.870000005,0.728999972
885,1.070000052,1.019000053,0.870000005,0.731999993
887,1.067000031,1.019000053,0.870000005,0.735000014
890,1.070000052,1.019000053,0.870000005,0.735000014
893,1.070000052,1.019000053,0.870000005,0.737999976
896,1.070000052,1.019000053,0.874000013,0.745000005
899,1.070000052,1.019000053,0.870000005,0.748000026
902,1.070000052,1.019000053,0.874000013,0.748000026
904,1.070000052,1.019000053,0.874000013,0.750999987
906,1.070000052,1.019000053,0.874000013,0.754000008
908,1.070000052,1.019000053,0.874000013,0.754000008
910,1.070000052,1.019000053,0.874000013,0.758000016
913,1.070000052,1.019000053,0.874000013,0.760999978
915,1.070000052,1.019000053,0.874000013,0.760999978
917,1.070000052,1.019000053,0.874000013,0.763999999
919,1.070000052,1.019000053,0.876999974,0.763999999
921,1.070000052,1.019000053,0.874000013,0.76700002
923,1.067000031,1.019000053,0.874000013,0.76700002
925,1.070000052,1.019000053,0.874000013,0.76700002
927,1.070000052,1.019000053,0.874000013,0.769999981
929,1.070000052,1.019000053,0.874000013,0.769999981
931,1.070000052,1.019000053,0.874000013,0.773999989
933,1.070000052,1.019000053,0.874000013,0.773999989
935,1.070000052,1.019000053,0.876999974,0.77700001
937,1.070000052,1.019000053,0.876999974,0.77700001
939,1.070000052,1.019000053,0.876999974,0.779999971
942,1.070000052,1.019000053,0.876999974,0.782999992
945,1.070000052,1.019000053,0.876999974,0.787
948,1.070000052,1.019000053,0.874000013,0.790000021
951,1.070000052,1.019000053,0.876999974,0.792999983
953,1.070000052,1.019000053,0.876999974,0.792999983
955,1.070000052,1.019000053,0.876999974,0.796000004
957,1.074000001,1.016000032,0.876999974,0.800000012
959,1.074000001,1.019000053,0.876999974,0.800000012
961,1.074000001,1.016000032,0.876999974,0.802999973
963,1.074000001,1.019000053,0.876999974,0.802999973
965,1.074000001,1.019000053,0.876999974,0.805999994
966,1.074000001,1.019000053,0.876999974,0.805999994
967,1.074000001,1.019000053,0.876999974,0.809000015
968,1.074000001,1.019000053,0.876999974,0.805999994
970,1.074000001,1.016000032,0.876999974,0.805999994
971,1.074000001,1.019000053,0.876999974,0.809000015
972,1.074000001,1.019000053,0.876999974,0.809000015
973,1.074000001,1.019000053,0.876999974,0.809000015
974,1.074000001,1.016000032,0.876999974,0.809000015
975,1.074000001,1.019000053,0.876999974,0.811999977
977,1.074000001,1.019000053,0.876999974,0.811999977
979,1.074000001,1.019000053,0.879999995,0.815999985
981,1.077000022,1.016000032,0.876999974,0.815999985
983,1.077000022,1.016000032,0.876999974,0.819000006
985,1.077000022,1.016000032,0.876999974,0.822000027
987,1.077000022,1.019000053,0.876999974,0.824999988
989,1.077000022,1.016000032,0.876999974,0.824999988
991,1.077000022,1.016000032,0.879999995,0.824999988
993,1.077000022,1.016000032,0.879999995,0.828999996
995,1.077000022,1.016000032,0.879999995,0.832000017
997,1.077000022,1.016000032,0.879999995,0.832000017
999,1.077000022,1.016000032,0.879999995,0.832000017
1001,1.077000022,1.016000032,0.879999995,0.834999979
1003,1.077000022,1.016000032,0.879999995,0.834999979
1005,1.077000022,1.016000032,0.879999995,0.838
1007,1.077000022,1.016000032,0.879999995,0.841000021
1009,1.077000022,1.016000032,0.879999995,0.841000021
1011,1.077000022,1.016000032,0.879999995,0.841000021
1013,1.077000022,1.016000032,0.879999995,0.845000029
1015,1.080000043,1.016000032,0.879999995,0.84799999
1017,1.077000022,1.016000032,0.879999995,0.84799999
1019,1.077000022,1.016000032,0.879999995,0.851000011
1021,1.077000022,1.016000032,0.879999995,0.851000011
1024,1.077000022,1.016000032,0.879999995,0.851000011
1027,1.077000022,1.016000032,0.879999995,0.853999972
1029,1.077000022,1.016000032,0.879999995,0.85799998
1031,1.080000043,1.016000032,0.879999995,0.853999972
1033,1.077000022,1.016000032,0.879999995,0.85799998
1035,1.077000022,1.016000032,0.879999995,0.85799998
1037,1.080000043,1.016000032,0.879999995,0.861000001
1039,1.077000022,1.016000032,0.883000016,0.861000001
1041,1.077000022,1.016000032,0.883000016,0.864000022
1043,1.080000043,1.016000032,0.883000016,0.864000022
1045,1.077000022,1.016000032,0.883000016,0.864000022
1047,1.080000043,1.016000032,0.883000016,0.866999984
1049,1.077000022,1.011999965,0.883000016,0.866999984
1051,1.080000043,1.016000032,0.883000016,0.866999984
1053,1.080000043,1.011999965,0.883000016,0.870000005
1055,1.077000022,1.016000032,0.883000016,0.870000005
1057,1.077000022,1.016000032,0.883000016,0.874000013
1059,1.077000022,1.016000032,0.883000016,0.874000013
1061,1.080000043,1.016000032,0.883000016,0.876999974
1063,1.077000022,1.016000032,0.883000016,0.876999974
1065,1.077000022,1.016000032,0.883000016,0.876999974
1067,1.077000022,1.016000032,0.883000016,0.879999995
1069,1.077000022,1.016000032,0.883000016,0.883000016
1071,1.077000022,1.016000032,0.883000016,0.883000016
1073,1.077000022,1.016000032,0.883000016,0.883000016
1076,1.077000022,1.016000032,0.883000016,0.883000016
1078,1.080000043,1.016000032,0.883000016,0.887000024
1081,1.077000022,1.016000032,0.883000016,0.889999986
1084,1.077000022,1.016000032,0.883000016,0.889999986
1087,1.077000022,1.016000032,0.883000016,0.893000007
1090,1.077000022,1.016000032,0.883000016,0.893000007
1092,1.077000022,1.016000032,0.883000016,0.893000007
1094,1.077000022,1.016000032,0.883000016,0.896000028
1096,1.077000022,1.016000032,0.883000016,0.896000028
1098,1.077000022,1.016000032,0.883000016,0.899999976
1100,1.077000022,1.016000032,0.883000016,0.896000028
1102,1.077000022,1.016000032,0.883000016,0.896000028
1104,1.077000022,1.016000032,0.883000016,0.899999976
1106,1.077000022,1.016000032,0.883000016,0.899999976
1108,1.077000022,1.016000032,0.883000016,0.899999976
1110,1.077000022,1.016000032,0.883000016,0.899999976
1112,1.077000022,1.016000032,0.883000016,0.902999997
1114,1.077000022,1.016000032,0.883000016,0.902999997
1116,1.077000022,1.019000053,0.883000016,0.902999997
1118,1.080000043,1.016000032,0.883000016,0.902999997
1120,1.077000022,1.016000032,0.883000016,0.906000018
1122,1.077000022,1.016000032,0.887000024,0.902999997
1124,1.077000022,1.016000032,0.883000016,0.906000018
1126,1.077000022,1.016000032,0.883000016,0.906000018
1127,1.080000043,1.019000053,0.883000016,0.906000018
1128,1.080000043,1.016000032,0.883000016,0.908999979
1130,1.077000022,1.016000032,0.883000016,0.906000018
1131,1.080000043,1.016000032,0.883000016,0.908999979
1132,1.077000022,1.019000053,0.883000016,0.908999979
1133,1.077000022,1.019000053,0.883000016,0.908999979
1135,1.077000022,1.019000053,0.883000016,0.908999979
1137,1.080000043,1.019000053,0.887000024,0.912
1139,1.080000043,1.019000053,0.883000016,0.908999979
1141,1.080000043,1.019000053,0.883000016,0.908999979
1143,1.080000043,1.019000053,0.883000016,0.912
1145,1.080000043,1.019000053,0.883000016,0.912
1147,1.080000043,1.019000053,0.887000024,0.916000009
1149,1.080000043,1.019000053,0.887000024,0.916000009
1151,1.080000043,1.019000053,0.887000024,0.916000009
1153,1.080000043,1.019000053,0.883000016,0.916000009
1154,1.080000043,1.019000053,0.887000024,0.916000009
1155,1.080000043,1.019000053,0.887000024,0.916000009
1156,1.080000043,1.019000053,0.887000024,0.916000009
1157,1.080000043,1.019000053,0.883000016,0.91900003
1158,1.080000043,1.016000032,0.887000024,0.91900003
1159,1.080000043,1.019000053,0.887000024,0.91900003
1160,1.080000043,1.019000053,0.887000024,0.91900003
1161,1.080000043,1.019000053,0.883000016,0.91900003
1162,1.080000043,1.019000053,0.887000024,0.91900003
1163,1.080000043,1.019000053,0.887000024,0.91900003
1164,1.080000043,1.019000053,0.887000024,0.91900003
1165,1.080000043,1.019000053,0.887000024,0.91900003
1166,1.080000043,1.019000053,0.887000024,0.921999991
1167,1.080000043,1.019000053,0.883000016,0.921999991
1168,1.080000043,1.019000053,0.887000024,0.921999991
1169,1.080000043,1.019000053,0.887000024,0.921999991
1170,1.080000043,1.019000053,0.887000024,0.921999991
1171,1.080000043,1.019000053,0.887000024,0.921999991
1172,1.080000043,1.019000053,0.883000016,0.921999991
1173,1.080000043,1.019000053,0.887000024,0.921999991
1174,1.080000043,1.019000053,0.887000024,0.925000012
1175,1.080000043,1.019000053,0.887000024,0.925000012
1176,1.080000043,1.019000053,0.887000024,0.925000012
1177,1.080000043,1.019000053,0.887000024,0.921999991
1178,1.080000043,1.019000053,0.887000024,0.925000012
1179,1.080000043,1.019000053,0.887000024,0.925000012
1181,1.080000043,1.016000032,0.887000024,0.925000012
1183,1.080000043,1.019000053,0.887000024,0.925000012
1184,1.082999945,1.019000053,0.887000024,0.92900002
1185,1.082999945,1.019000053,0.887000024,0.925000012
1186,1.080000043,1.019000053,0.887000024,0.925000012
1187,1.082999945,1.019000053,0.887000024,0.92900002
1188,1.082999945,1.019000053,0.887000024,0.92900002
1190,1.082999945,1.019000053,0.887000024,0.92900002
1192,1.082999945,1.019000053,0.887000024,0.925000012
1194,1.082999945,1.019000053,0.887000024,0.92900002
1196,1.080000043,1.019000053,0.887000024,0.92900002
1198,1.082999945,1.019000053,0.887000024,0.92900002
1200,1.082999945,1.019000053,0.887000024,0.92900002
1202,1.082999945,1.019000053,0.887000024,0.92900002
1204,1.082999945,1.019000053,0.883000016,0.92900002
1206,1.082999945,1.019000053,0.887000024,0.931999981
1208,1.082999945,1.019000053,0.887000024,0.931999981
1210,1.082999945,1.019000053,0.883000016,0.931999981
1212,1.082999945,1.019000053,0.887000024,0.935000002
1214,1.082999945,1.019000053,0.887000024,0.931999981
1216,1.082999945,1.019000053,0.887000024,0.931999981
1217,1.082999945,1.019000053,0.887000024,0.931999981
1218,1.082999945,1.019000053,0.887000024,0.931999981
1219,1.082999945,1.019000053,0.887000024,0.935000002
1220,1.082999945,1.019000053,0.887000024,0.931999981
1221,1.082999945,1.016000032,0.887000024,0.931999981
1222,1.082999945,1.019000053,0.887000024,0.931999981
1223,1.082999945,1.019000053,0.887000024,0.931999981
1225,1.082999945,1.019000053,0.887000024,0.931999981
1227,1.082999945,1.019000053,0.887000024,0.931999981
1229,1.082999945,1.019000053,0.887000024,0.931999981
1231,1.082999945,1.019000053,0.887000024,0.931999981
1233,1.082999945,1.019000053,0.887000024,0.935000002
1236,1.082999945,1.019000053,0.887000024,0.931999981
1238,1.080000043,1.019000053,0.887000024,0.935000002
1240,1.082999945,1.019000053,0.887000024,0.931999981
1243,1.082999945,1.019000053,0.883000016,0.935000002
1246,1.082999945,1.019000053,0.887000024,0.931999981
1249,1.082999945,1.019000053,0.887000024,0.935000002
1252,1.082999945,1.019000053,0.887000024,0.931999981
1255,1.082999945,1.019000053,0.887000024,0.931999981
1258,1.080000043,1.016000032,0.887000024,0.931999981
1261,1.082999945,1.019000053,0.887000024,0.931999981
1264,1.082999945,1.016000032,0.887000024,0.935000002
1266,1.082999945,1.016000032,0.887000024,0.935000002
1268,1.082999945,1.016000032,0.887000024,0.935000002
1271,1.082999945,1.016000032,0.887000024,0.935000002
1274,1.082999945,1.019000053,0.887000024,0.935000002
1277,1.082999945,1.016000032,0.887000024,0.935000002
1280,1.082999945,1.016000032,0.887000024,0.931999981
1282,1.082999945,1.016000032,0.887000024,0.935000002
1284,1.082999945,1.016000032,0.889999986,0.935000002
1286,1.082999945,1.016000032,0.887000024,0.935000002
1288,1.082999945,1.016000032,0.887000024,0.935000002
1290,1.082999945,1.016000032,0.887000024,0.935000002
1292,1.082999945,1.016000032,0.887000024,0.935000002
1295,1.082999945,1.016000032,0.889999986,0.935000002
1297,1.080000043,1.016000032,0.887000024,0.935000002
1299,1.080000043,1.016000032,0.887000024,0.935000002
1301,1.082999945,1.016000032,0.889999986,0.935000002
1303,1.082999945,1.016000032,0.889999986,0.931999981
1305,1.082999945,1.016000032,0.887000024,0.935000002
1307,1.082999945,1.016000032,0.887000024,0.935000002
1309,1.082999945,1.016000032,0.889999986,0.931999981
1311,1.082999945,1.016000032,0.889999986,0.931999981
1313,1.080000043,1.016000032,0.889999986,0.931999981
1315,1.082999945,1.016000032,0.889999986,0.931999981
1317,1.082999945,1.016000032,0.889999986,0.931999981
1319,1.080000043,1.016000032,0.889999986,0.931999981
1321,1.080000043,1.016000032,0.889999986,0.931999981
1324,1.080000043,1.016000032,0.889999986,0.931999981
1327,1.080000043,1.016000032,0.889999986,0.931999981
1330,1.080000043,1.016000032,0.889999986,0.931999981
1333,1.080000043,1.016000032,0.889999986,0.931999981
1336,1.080000043,1.016000032,0.889999986,0.931999981
1339,1.080000043,1.016000032,0.887000024,0.931999981
1342,1.080000043,1.016000032,0.889999986,0.92900002
1344,1.080000043,1.016000032,0.889999986,0.931999981
1346,1.080000043,1.016000032,0.887000024,0.92900002
1348,1.080000043,1.016000032,0.889999986,0.931999981
1351,1.080000043,1.016000032,0.887000024,0.92900002
1353,1.080000043,1.016000032,0.889999986,0.92900002
1355,1.080000043,1.016000032,0.889999986,0.931999981
1357,1.080000043,1.016000032,0.889999986,0.92900002
1359,1.080000043,1.016000032,0.889999986,0.92900002
1361,1.080000043,1.016000032,0.889999986,0.92900002
1363,1.080000043,1.016000032,0.889999986,0.92900002
1365,1.080000043,1.011999965,0.889999986,0.92900002
1367,1.080000043,1.011999965,0.889999986,0.92900002
1369,1.080000043,1.011999965,0.887000024,0.931999981
1371,1.080000043,1.016000032,0.889999986,0.92900002
1373,1.080000043,1.011999965,0.887000024,0.931999981
1375,1.080000043,1.011999965,0.887000024,0.92900002
1378,1.080000043,1.011999965,0.889999986,0.92900002
1381,1.080000043,1.011999965,0.887000024,0.931999981
1384,1.080000043,1.011999965,0.889999986,0.931999981
1387,1.080000043,1.011999965,0.887000024,0.92900002
1390,1.080000043,1.011999965,0.887000024,0.92900002
1393,1.080000043,1.011999965,0.887000024,0.92900002
1396,1.080000043,1.011999965,0.887000024,0.92900002
1399,1.080000043,1.011999965,0.887000024,0.931999981
1402,1.080000043,1.011999965,0.889999986,0.92900002
1406,1.080000043,1.011999965,0.887000024,0.92900002
1408,1.080000043,1.011999965,0.887000024,0.92900002
1410,1.080000043,1.011999965,0.887000024,0.92900002
1412,1.080000043,1.011999965,0.887000024,0.92900002
1414,1.080000043,1.011999965,0.887000024,0.92900002
1416,1.080000043,1.011999965,0.887000024,0.92900002
1418,1.080000043,1.011999965,0.889999986,0.92900002
1420,1.080000043,1.011999965,0.887000024,0.92900002
1422,1.080000043,1.011999965,0.887000024,0.92900002
1424,1.080000043,1.011999965,0.889999986,0.92900002
1426,1.080000043,1.011999965,0.887000024,0.925000012
1428,1.080000043,1.011999965,0.889999986,0.925000012
1431,1.080000043,1.011999965,0.887000024,0.92900002
1434,1.080000043,1.011999965,0.887000024,0.92900002
1437,1.080000043,1.011999965,0.889999986,0.92900002
1440,1.080000043,1.011999965,0.887000024,0.925000012
1443,1.080000043,1.011999965,0.889999986,0.92900002
1446,1.080000043,1.011999965,0.887000024,0.92900002
1449,1.080000043,1.011999965,0.887000024,0.92900002
1452,1.080000043,1.011999965,0.889999986,0.92900002
1455,1.080000043,1.011999965,0.887000024,0.925000012
1459,1.080000043,1.011999965,0.887000024,0.92900002
1462,1.080000043,1.011999965,0.887000024,0.925000012
1465,1.080000043,1.011999965,0.887000024,0.92900002
1468,1.080000043,1.011999965,0.887000024,0.92900002
1470,1.080000043,1.011999965,0.887000024,0.92900002
1472,1.080000043,1.011999965,0.889999986,0.92900002
1474,1.080000043,1.011999965,0.887000024,0.92900002
1476,1.082999945,1.011999965,0.889999986,0.92900002
1478,1.080000043,1.011999965,0.887000024,0.92900002
1480,1.082999945,1.011999965,0.887000024,0.92900002
1482,1.080000043,1.011999965,0.887000024,0.92900002
1485,1.080000043,1.011999965,0.887000024,0.92900002
1488,1.080000043,1.011999965,0.887000024,0.92900002
1491,1.080000043,1.011999965,0.887000024,0.92900002
1493,1.082999945,1.011999965,0.887000024,0.92900002
1495,1.082999945,1.011999965,0.887000024,0.92900002
1497,1.082999945,1.011999965,0.887000024,0.92900002
1499,1.080000043,1.011999965,0.887000024,0.931999981
1501,1.082999945,1.011999965,0.887000024,0.92900002
1503,1.082999945,1.011999965,0.887000024,0.92900002
1505,1.082999945,1.011999965,0.889999986,0.92900002
1507,1.082999945,1.011999965,0.887000024,0.92900002
1509,1.082999945,1.011999965,0.887000024,0.92900002
1512,1.082999945,1.011999965,0.887000024,0.92900002
1514,1.082999945,1.011999965,0.887000024,0.92900002
1516,1.082999945,1.011999965,0.883000016,0.92900002
1519,1.082999945,1.011999965,0.887000024,0.931999981
1522,1.082999945,1.008999944,0.887000024,0.931999981
1525,1.082999945,1.011999965,0.887000024,0.935000002
1528,1.082999945,1.011999965,0.887000024,0.931999981
1531,1.082999945,1.011999965,0.887000024,0.931999981
1533,1.082999945,1.011999965,0.889999986,0.931999981
1535,1.082999945,1.011999965,0.887000024,0.931999981
1537,1.082999945,1.011999965,0.887000024,0.931999981
1539,1.082999945,1.011999965,0.887000024,0.931999981
1541,1.082999945,1.011999965,0.887000024,0.931999981
1543,1.082999945,1.011999965,0.887000024,0.935000002
1545,1.082999945,1.011999965,0.887000024,0.931999981
1547,1.082999945,1.011999965,0.887000024,0.935000002
1549,1.082999945,1.011999965,0.887000024,0.931999981
1551,1.082999945,1.011999965,0.887000024,0.935000002
1553,1.082999945,1.011999965,0.887000024,0.935000002
1555,1.082999945,1.011999965,0.887000024,0.935000002
1557,1.082999945,1.011999965,0.887000024,0.935000002
1559,1.082999945,1.011999965,0.887000024,0.935000002
1561,1.082999945,1.011999965,0.887000024,0.938000023
1563,1.082999945,1.011999965,0.887000024,0.935000002
1566,1.082999945,1.011999965,0.887000024,0.935000002
1569,1.082999945,1.011999965,0.887000024,0.935000002
1572,1.082999945,1.011999965,0.887000024,0.935000002
1575,1.082999945,1.011999965,0.887000024,0.935000002
1578,1.082999945,1.011999965,0.887000024,0.935000002
1581,1.082999945,1.011999965,0.887000024,0.938000023
1584,1.082999945,1.008999944,0.887000024,0.935000002
1587,1.082999945,1.011999965,0.887000024,0.935000002
1590,1.082999945,1.011999965,0.887000024,0.938000023
1593,1.082999945,1.011999965,0.887000024,0.938000023
1595,1.082999945,1.011999965,0.887000024,0.938000023
1597,1.082999945,1.011999965,0.887000024,0.938000023
1599,1.082999945,1.011999965,0.887000024,0.938000023
1601,1.082999945,1.011999965,0.887000024,0.940999985
1603,1.082999945,1.011999965,0.887000024,0.938000023
1605,1.082999945,1.008999944,0.883000016,0.938000023
1607,1.082999945,1.011999965,0.887000024,0.938000023
1609,1.082999945,1.011999965,0.887000024,0.938000023
1611,1.082999945,1.011999965,0.887000024,0.938000023
1613,1.082999945,1.011999965,0.887000024,0.940999985
1615,1.082999945,1.011999965,0.887000024,0.940999985
1618,1.082999945,1.011999965,0.887000024,0.940999985
1620,1.082999945,1.011999965,0.887000024,0.940999985
1623,1.082999945,1.011999965,0.887000024,0.940999985
1626,1.082999945,1.011999965,0.887000024,0.940999985
1629,1.082999945,1.011999965,0.887000024,0.940999985
1632,1.082999945,1.011999965,0.887000024,0.940999985
1635,1.082999945,1.011999965,0.887000024,0.940999985
1638,1.082999945,1.011999965,0.887000024,0.940999985
1641,1.082999945,1.011999965,0.887000024,0.940999985
1644,1.082999945,1.011999965,0.887000024,0.940999985
1647,1.082999945,1.011999965,0.887000024,0.940999985
1650,1.082999945,1.011999965,0.887000024,0.940999985
1653,1.082999945,1.011999965,0.887000024,0.944999993
1656,1.082999945,1.011999965,0.887000024,0.944999993
1658,1.082999945,1.011999965,0.887000024,0.940999985
1660,1.082999945,1.011999965,0.887000024,0.944999993
1662,1.082999945,1.011999965,0.887000024,0.944999993
1664,1.082999945,1.011999965,0.887000024,0.944999993
1666,1.082999945,1.011999965,0.887000024,0.944999993
1668,1.082999945,1.011999965,0.887000024,0.944999993
1670,1.082999945,1.011999965,0.887000024,0.944999993
1672,1.082999945,1.011999965,0.887000024,0.948000014
1676,1.082999945,1.011999965,0.887000024,0.944999993
1679,1.082999945,1.011999965,0.887000024,0.944999993
1682,1.082999945,1.011999965,0.887000024,0.944999993
1685,1.082999945,1.011999965,0.887000024,0.944999993
1688,1.082999945,1.011999965,0.887000024,0.948000014
1691,1.082999945,1.011999965,0.887000024,0.944999993
1694,1.082999945,1.011999965,0.887000024,0.944999993
1697,1.082999945,1.011999965,0.887000024,0.948000014
1700,1.082999945,1.016000032,0.887000024,0.948000014
1703,1.082999945,1.011999965,0.887000024,0.944999993
1706,1.082999945,1.016000032,0.887000024,0.948000014
1709,1.082999945,1.016000032,0.887000024,0.944999993
1712,1.082999945,1.011999965,0.887000024,0.948000014
1715,1.082999945,1.016000032,0.887000024,0.948000014
1718,1.082999945,1.016000032,0.883000016,0.948000014
1719,1.082999945,1.016000032,0.883000016,0.948000014
1720,1.082999945,1.011999965,0.883000016,0.948000014
1721,1.082999945,1.016000032,0.887000024,0.948000014
1722,1.082999945,1.016000032,0.887000024,0.948000014
1724,1.082999945,1.016000032,0.887000024,0.950999975
1726,1.082999945,1.016000032,0.887000024,0.948000014
1730,1.082999945,1.016000032,0.887000024,0.948000014
1733,1.082999945,1.016000032,0.887000024,0.950999975
1735,1.082999945,1.016000032,0.887000024,0.948000014
1737,1.082999945,1.016000032,0.887000024,0.950999975
1739,1.082999945,1.011999965,0.883000016,0.950999975
1741,1.082999945,1.016000032,0.887000024,0.948000014
1743,1.082999945,1.016000032,0.887000024,0.948000014
1745,1.082999945,1.016000032,0.887000024,0.950999975
1747,1.082999945,1.016000032,0.887000024,0.948000014
1749,1.082999945,1.016000032,0.887000024,0.950999975
1751,1.082999945,1.016000032,0.887000024,0.948000014
1753,1.082999945,1.016000032,0.887000024,0.948000014
1755,1.082999945,1.016000032,0.887000024,0.948000014
1757,1.082999945,1.016000032,0.887000024,0.948000014
1759,1.082999945,1.016000032,0.887000024,0.948000014
1761,1.082999945,1.016000032,0.887000024,0.948000014
1763,1.082999945,1.011999965,0.887000024,0.950999975
1765,1.082999945,1.016000032,0.887000024,0.950999975
1767,1.082999945,1.016000032,0.887000024,0.950999975
1769,1.082999945,1.016000032,0.887000024,0.950999975
1771,1.082999945,1.016000032,0.887000024,0.950999975
1774,1.082999945,1.016000032,0.887000024,0.950999975
1777,1.082999945,1.016000032,0.887000024,0.950999975
1780,1.082999945,1.016000032,0.887000024,0.950999975
1782,1.082999945,1.016000032,0.887000024,0.950999975
1785,1.082999945,1.016000032,0.887000024,0.950999975
1787,1.082999945,1.016000032,0.887000024,0.950999975
1789,1.082999945,1.016000032,0.887000024,0.950999975
1791,1.082999945,1.016000032,0.887000024,0.950999975
1793,1.082999945,1.016000032,0.887000024,0.953999996
1795,1.082999945,1.016000032,0.887000024,0.950999975
1797,1.082999945,1.011999965,0.887000024,0.950999975
1799,1.082999945,1.016000032,0.887000024,0.950999975
1801,1.082999945,1.016000032,0.887000024,0.950999975
1803,1.082999945,1.016000032,0.887000024,0.950999975
1805,1.082999945,1.016000032,0.887000024,0.950999975
1807,1.082999945,1.016000032,0.887000024,0.950999975
1810,1.082999945,1.016000032,0.887000024,0.950999975
1813,1.082999945,1.011999965,0.887000024,0.950999975
1816,1.082999945,1.016000032,0.887000024,0.953999996
1819,1.082999945,1.016000032,0.887000024,0.953999996
1822,1.082999945,1.016000032,0.887000024,0.953999996
1825,1.082999945,1.016000032,0.887000024,0.953999996
1827,1.082999945,1.016000032,0.887000024,0.953999996
1829,1.082999945,1.016000032,0.887000024,0.958000004
1831,1.082999945,1.016000032,0.887000024,0.953999996
1833,1.082999945,1.016000032,0.887000024,0.953999996
1835,1.080000043,1.016000032,0.887000024,0.953999996
1837,1.082999945,1.016000032,0.887000024,0.953999996
1840,1.082999945,1.016000032,0.887000024,0.953999996
1842,1.082999945,1.016000032,0.887000024,0.953999996
1844,1.082999945,1.016000032,0.887000024,0.953999996
1845,1.082999945,1.016000032,0.887000024,0.953999996
1846,1.082999945,1.016000032,0.887000024,0.953999996
1847,1.082999945,1.016000032,0.887000024,0.953999996
1848,1.082999945,1.016000032,0.887000024,0.953999996
1849,1.082999945,1.016000032,0.887000024,0.953999996
1850,1.082999945,1.016000032,0.887000024,0.953999996
1851,1.082999945,1.016000032,0.887000024,0.958000004
1852,1.082999945,1.016000032,0.887000024,0.953999996
1853,1.082999945,1.016000032,0.887000024,0.958000004
1854,1.082999945,1.016000032,0.887000024,0.953999996
1855,1.080000043,1.016000032,0.887000024,0.958000004
1856,1.082999945,1.016000032,0.887000024,0.953999996
1857,1.080000043,1.016000032,0.887000024,0.953999996
1859,1.082999945,1.016000032,0.887000024,0.958000004
1861,1.082999945,1.016000032,0.887000024,0.958000004
1863,1.082999945,1.016000032,0.887000024,0.953999996
1865,1.082999945,1.016000032,0.887000024,0.953999996
1867,1.080000043,1.016000032,0.887000024,0.953999996
1869,1.080000043,1.016000032,0.887000024,0.953999996
1871,1.082999945,1.016000032,0.887000024,0.953999996
1873,1.080000043,1.016000032,0.887000024,0.953999996
1875,1.082999945,1.016000032,0.887000024,0.953999996
1877,1.082999945,1.016000032,0.887000024,0.958000004
1879,1.082999945,1.016000032,0.887000024,0.958000004
1881,1.082999945,1.016000032,0.889999986,0.958000004
1883,1.082999945,1.016000032,0.887000024,0.953999996
1885,1.082999945,1.016000032,0.887000024,0.958000004
1887,1.082999945,1.016000032,0.887000024,0.958000004
1889,1.080000043,1.016000032,0.887000024,0.953999996
1892,1.082999945,1.016000032,0.887000024,0.958000004
1894,1.082999945,1.016000032,0.887000024,0.953999996
1896,1.082999945,1.016000032,0.887000024,0.958000004
1898,1.082999945,1.016000032,0.887000024,0.958000004
1900,1.082999945,1.011999965,0.887000024,0.958000004
1902,1.082999945,1.016000032,0.889999986,0.958000004
1904,1.082999945,1.016000032,0.887000024,0.958000004
1906,1.082999945,1.016000032,0.887000024,0.958000004
1907,1.080000043,1.016000032,0.887000024,0.958000004
1908,1.082999945,1.016000032,0.887000024,0.958000004
1909,1.082999945,1.016000032,0.887000024,0.958000004
1910,1.082999945,1.016000032,0.889999986,0.958000004
1912,1.082999945,1.016000032,0.887000024,0.958000004
1914,1.082999945,1.016000032,0.889999986,0.958000004
1916,1.082999945,1.016000032,0.887000024,0.958000004
1918,1.082999945,1.016000032,0.887000024,0.958000004
1920,1.082999945,1.016000032,0.887000024,0.958000004
1922,1.080000043,1.016000032,0.889999986,0.958000004
1924,1.082999945,1.016000032,0.887000024,0.958000004
1926,1.082999945,1.016000032,0.887000024,0.958000004
1928,1.082999945,1.016000032,0.887000024,0.958000004
1930,1.082999945,1.016000032,0.887000024,0.961000025
1932,1.082999945,1.016000032,0.889999986,0.958000004
1934,1.082999945,1.016000032,0.887000024,0.961000025
1936,1.082999945,1.016000032,0.887000024,0.961000025
1938,1.080000043,1.016000032,0.887000024,0.961000025
1941,1.082999945,1.016000032,0.887000024,0.961000025
1944,1.082999945,1.016000032,0.887000024,0.961000025
1948,1.082999945,1.016000032,0.887000024,0.961000025
1951,1.082999945,1.016000032,0.887000024,0.961000025
1954,1.082999945,1.016000032,0.887000024,0.961000025
1957,1.082999945,1.016000032,0.887000024,0.961000025
1960,1.082999945,1.016000032,0.887000024,0.961000025
1963,1.082999945,1.016000032,0.887000024,0.961000025
1966,1.082999945,1.016000032,0.887000024,0.961000025
1970,1.082999945,1.016000032,0.887000024,0.963999987
1973,1.082999945,1.016000032,0.887000024,0.961000025
1976,1.082999945,1.016000032,0.887000024,0.961000025
1979,1.082999945,1.016000032,0.887000024,0.961000025
1982,1.082999945,1.016000032,0.887000024,0.963999987
1985,1.082999945,1.016000032,0.887000024,0.961000025
1988,1.082999945,1.011999965,0.887000024,0.961000025
1991,1.082999945,1.016000032,0.887000024,0.961000025
1994,1.082999945,1.016000032,0.887000024,0.961000025
1997,1.087000012,1.016000032,0.887000024,0.961000025
2001,1.082999945,1.016000032,0.887000024,0.961000025
2004,1.087000012,1.016000032,0.887000024,0.961000025
2007,1.082999945,1.016000032,0.887000024,0.961000025
2010,1.087000012,1.016000032,0.887000024,0.961000025
2013,1.082999945,1.016000032,0.887000024,0.963999987
2016,1.082999945,1.016000032,0.887000024,0.961000025
2019,1.087000012,1.016000032,0.887000024,0.961000025
2023,1.087000012,1.016000032,0.887000024,0.963999987
2027,1.087000012,1.016000032,0.887000024,0.961000025
2031,1.087000012,1.016000032,0.887000024,0.961000025
2034,1.087000012,1.016000032,0.889999986,0.963999987
2036,1.087000012,1.016000032,0.887000024,0.961000025
2038,1.082999945,1.016000032,0.889999986,0.963999987
2040,1.087000012,1.016000032,0.887000024,0.963999987
2042,1.087000012,1.016000032,0.887000024,0.963999987
2044,1.082999945,1.016000032,0.887000024,0.963999987
2046,1.082999945,1.016000032,0.889999986,0.963999987
2048,1.087000012,1.016000032,0.889999986,0.961000025
2050,1.082999945,1.016000032,0.887000024,0.963999987
2053,1.087000012,1.016000032,0.889999986,0.963999987
2057,1.087000012,1.016000032,0.889999986,0.963999987
2060,1.082999945,1.016000032,0.889999986,0.963999987
2063,1.082999945,1.016000032,0.889999986,0.963999987
2066,1.082999945,1.016000032,0.889999986,0.963999987
2069,1.082999945,1.011999965,0.889999986,0.963999987
2072,1.082999945,1.016000032,0.887000024,0.961000025
2075,1.087000012,1.016000032,0.887000024,0.963999987
2078,1.082999945,1.016000032,0.887000024,0.963999987
2081,1.082999945,1.016000032,0.887000024,0.967000008
2084,1.082999945,1.016000032,0.887000024,0.963999987
2087,1.082999945,1.011999965,0.887000024,0.963999987
2090,1.082999945,1.016000032,0.889999986,0.963999987
2093,1.082999945,1.016000032,0.887000024,0.963999987
2096,1.082999945,1.016000032,0.887000024,0.967000008
2098,1.082999945,1.011999965,0.889999986,0.963999987
2100,1.082999945,1.011999965,0.887000024,0.963999987
2103,1.082999945,1.016000032,0.889999986,0.963999987
2106,1.082999945,1.011999965,0.887000024,0.963999987
2110,1.082999945,1.016000032,0.887000024,0.963999987
2113,1.082999945,1.016000032,0.887000024,0.963999987
2116,1.082999945,1.016000032,0.887000024,0.963999987
2119,1.082999945,1.011999965,0.887000024,0.963999987
2122,1.082999945,1.016000032,0.887000024,0.963999987
2125,1.082999945,1.011999965,0.887000024,0.963999987
2128,1.082999945,1.011999965,0.887000024,0.963999987
2131,1.082999945,1.011999965,0.887000024,0.963999987
2134,1.082999945,1.011999965,0.889999986,0.963999987
2137,1.082999945,1.011999965,0.887000024,0.963999987
2140,1.082999945,1.011999965,0.887000024,0.963999987
2143,1.082999945,1.011999965,0.887000024,0.963999987
2146,1.082999945,1.011999965,0.887000024,0.963999987
2149,1.082999945,1.011999965,0.887000024,0.963999987
2152,1.082999945,1.011999965,0.887000024,0.963999987
2155,1.082999945,1.016000032,0.887000024,0.963999987
2158,1.082999945,1.011999965,0.889999986,0.963999987
2161,1.082999945,1.011999965,0.887000024,0.963999987
2165,1.082999945,1.011999965,0.889999986,0.963999987
2168,1.082999945,1.011999965,0.889999986,0.963999987
2171,1.082999945,1.011999965,0.887000024,0.963999987
2174,1.082999945,1.011999965,0.887000024,0.963999987
2177,1.082999945,1.011999965,0.887000024,0.963999987
2180,1.082999945,1.011999965,0.887000024,0.967000008
2183,1.082999945,1.011999965,0.887000024,0.963999987
2186,1.082999945,1.011999965,0.887000024,0.963999987
2189,1.082999945,1.011999965,0.887000024,0.963999987
2192,1.082999945,1.011999965,0.889999986,0.967000008
2195,1.082999945,1.011999965,0.889999986,0.963999987
2198,1.082999945,1.011999965,0.889999986,0.963999987
2201,1.082999945,1.011999965,0.889999986,0.963999987
2204,1.082999945,1.011999965,0.887000024,0.963999987
2207,1.082999945,1.011999965,0.889999986,0.963999987
2210,1.082999945,1.011999965,0.887000024,0.967000008
2214,1.082999945,1.011999965,0.887000024,0.963999987
2217,1.082999945,1.011999965,0.887000024,0.963999987
2222,1.082999945,1.011999965,0.887000024,0.963999987
2224,1.082999945,1.011999965,0.887000024,0.963999987
2226,1.082999945,1.011999965,0.887000024,0.967000008
2228,1.082999945,1.011999965,0.889999986,0.963999987
2230,1.082999945,1.011999965,0.887000024,0.963999987
2232,1.082999945,1.011999965,0.887000024,0.963999987
2234,1.082999945,1.011999965,0.887000024,0.963999987
2236,1.082999945,1.011999965,0.889999986,0.963999987
2238,1.082999945,1.011999965,0.887000024,0.963999987
2240,1.082999945,1.011999965,0.887000024,0.963999987
2242,1.082999945,1.011999965,0.887000024,0.963999987
2244,1.082999945,1.011999965,0.889999986,0.963999987
2246,1.082999945,1.011999965,0.889999986,0.963999987
2248,1.082999945,1.011999965,0.889999986,0.963999987
2250,1.082999945,1.011999965,0.887000024,0.963999987
2252,1.082999945,1.011999965,0.889999986,0.963999987
2254,1.082999945,1.011999965,0.889999986,0.963999987
2256,1.082999945,1.011999965,0.887000024,0.963999987
2258,1.082999945,1.011999965,0.889999986,0.963999987
2260,1.082999945,1.011999965,0.889999986,0.963999987
2262,1.082999945,1.011999965,0.889999986,0.963999987
2264,1.082999945,1.011999965,0.889999986,0.961000025
2267,1.082999945,1.011999965,0.889999986,0.967000008
2270,1.082999945,1.011999965,0.887000024,0.963999987
2274,1.082999945,1.011999965,0.887000024,0.963999987
2277,1.082999945,1.011999965,0.887000024,0.963999987
2280,1.082999945,1.011999965,0.887000024,0.967000008
2283,1.082999945,1.011999965,0.887000024,0.963999987
2285,1.082999945,1.011999965,0.887000024,0.963999987
2287,1.082999945,1.011999965,0.887000024,0.963999987
2289,1.082999945,1.011999965,0.887000024,0.963999987
2291,1.082999945,1.008999944,0.887000024,0.963999987
2293,1.082999945,1.008999944,0.887000024,0.963999987
2295,1.082999945,1.011999965,0.887000024,0.963999987
2297,1.082999945,1.011999965,0.887000024,0.963999987
2299,1.082999945,1.011999965,0.887000024,0.963999987
2301,1.082999945,1.011999965,0.887000024,0.963999987
2303,1.082999945,1.011999965,0.887000024,0.963999987
2306,1.082999945,1.011999965,0.889999986,0.963999987
2309,1.082999945,1.011999965,0.887000024,0.963999987
2312,1.082999945,1.008999944,0.887000024,0.967000008
2315,1.082999945,1.011999965,0.887000024,0.967000008
2318,1.082999945,1.011999965,0.887000024,0.963999987
2321,1.082999945,1.011999965,0.887000024,0.963999987
2324,1.082999945,1.008999944,0.887000024,0.963999987
2328,1.082999945,1.011999965,0.887000024,0.963999987
2331,1.082999945,1.011999965,0.887000024,0.963999987
2334,1.082999945,1.011999965,0.887000024,0.963999987
2337,1.082999945,1.008999944,0.887000024,0.963999987
2340,1.087000012,1.011999965,0.887000024,0.967000008
2343,1.082999945,1.011999965,0.887000024,0.967000008
2345,1.082999945,1.011999965,0.887000024,0.967000008
2347,1.082999945,1.011999965,0.887000024,0.967000008
2350,1.082999945,1.011999965,0.887000024,0.967000008
2353,1.082999945,1.011999965,0.889999986,0.967000008
2356,1.082999945,1.011999965,0.887000024,0.967000008
2359,1.082999945,1.011999965,0.887000024,0.967000008
2361,1.087000012,1.011999965,0.887000024,0.967000008
2363,1.082999945,1.011999965,0.887000024,0.967000008
2365,1.082999945,1.011999965,0.887000024,0.967000008
2367,1.082999945,1.011999965,0.889999986,0.967000008
2369,1.082999945,1.008999944,0.889999986,0.967000008
2371,1.082999945,1.008999944,0.889999986,0.967000008
2373,1.082999945,1.011999965,0.887000024,0.967000008
2375,1.082999945,1.011999965,0.889999986,0.970000029
2377,1.082999945,1.011999965,0.887000024,0.970000029
2379,1.082999945,1.011999965,0.889999986,0.967000008
2381,1.082999945,1.008999944,0.887000024,0.970000029
2384,1.082999945,1.008999944,0.889999986,0.970000029
2386,1.082999945,1.011999965,0.889999986,0.967000008
2388,1.082999945,1.011999965,0.889999986,0.967000008
2390,1.082999945,1.011999965,0.889999986,0.970000029
2392,1.082999945,1.011999965,0.887000024,0.970000029
2394,1.087000012,1.011999965,0.889999986,0.970000029
2396,1.082999945,1.011999965,0.889999986,0.970000029
2398,1.082999945,1.011999965,0.889999986,0.970000029
2400,1.087000012,1.008999944,0.889999986,0.970000029
2402,1.082999945,1.008999944,0.889999986,0.970000029
2405,1.082999945,1.008999944,0.889999986,0.970000029
2407,1.082999945,1.008999944,0.889999986,0.970000029
2409,1.082999945,1.008999944,0.889999986,0.970000029
2411,1.087000012,1.008999944,0.889999986,0.970000029
2413,1.082999945,1.008999944,0.889999986,0.970000029
2415,1.087000012,1.008999944,0.889999986,0.970000029
2417,1.082999945,1.008999944,0.889999986,0.970000029
2419,1.087000012,1.008999944,0.889999986,0.970000029
2421,1.082999945,1.011999965,0.889999986,0.973999977
2423,1.082999945,1.008999944,0.889999986,0.970000029
2425,1.082999945,1.008999944,0.889999986,0.973999977
2427,1.087000012,1.008999944,0.889999986,0.970000029
2429,1.087000012,1.008999944,0.889999986,0.973999977
2431,1.087000012,1.008999944,0.889999986,0.970000029
2433,1.082999945,1.008999944,0.889999986,0.973999977
2435,1.082999945,1.008999944,0.889999986,0.973999977
2438,1.082999945,1.008999944,0.889999986,0.973999977
2440,1.082999945,1.008999944,0.889999986,0.973999977
2442,1.082999945,1.008999944,0.889999986,0.973999977
2444,1.082999945,1.008999944,0.889999986,0.976999998
2446,1.082999945,1.008999944,0.889999986,0.973999977
2448,1.082999945,1.008999944,0.889999986,0.973999977
2450,1.082999945,1.008999944,0.889999986,0.976999998
2452,1.082999945,1.008999944,0.889999986,0.973999977
2454,1.082999945,1.008999944,0.889999986,0.976999998
2456,1.082999945,1.008999944,0.889999986,0.973999977
2459,1.082999945,1.008999944,0.889999986,0.973999977
2462,1.082999945,1.008999944,0.889999986,0.973999977
2465,1.082999945,1.008999944,0.889999986,0.976999998
2468,1.082999945,1.008999944,0.889999986,0.973999977
2470,1.082999945,1.008999944,0.889999986,0.973999977
2472,1.082999945,1.008999944,0.887000024,0.973999977
2474,1.082999945,1.008999944,0.889999986,0.973999977
2476,1.082999945,1.008999944,0.889999986,0.973999977
2478,1.082999945,1.008999944,0.889999986,0.976999998
2480,1.087000012,1.008999944,0.889999986,0.973999977
2482,1.082999945,1.008999944,0.889999986,0.976999998
2484,1.082999945,1.008999944,0.889999986,0.973999977
2486,1.082999945,1.008999944,0.889999986,0.973999977
2488,1.082999945,1.008999944,0.889999986,0.973999977
2490,1.087000012,1.008999944,0.889999986,0.976999998
2493,1.082999945,1.008999944,0.889999986,0.976999998
2495,1.082999945,1.008999944,0.889999986,0.980000019
2497,1.087000012,1.008999944,0.889999986,0.976999998
2499,1.082999945,1.008999944,0.889999986,0.976999998
2501,1.087000012,1.008999944,0.889999986,0.976999998
2503,1.082999945,1.008999944,0.889999986,0.976999998
2505,1.082999945,1.008999944,0.889999986,0.980000019
2507,1.082999945,1.008999944,0.889999986,0.976999998
2509,1.082999945,1.008999944,0.889999986,0.976999998
2511,1.087000012,1.008999944,0.889999986,0.976999998
2514,1.082999945,1.008999944,0.887000024,0.976999998
2517,1.082999945,1.008999944,0.889999986,0.976999998
2520,1.087000012,1.008999944,0.889999986,0.976999998
2523,1.082999945,1.008999944,0.889999986,0.976999998
2526,1.082999945,1.008999944,0.889999986,0.976999998
2529,1.082999945,1.008999944,0.889999986,0.976999998
2531,1.087000012,1.008999944,0.889999986,0.976999998
2533,1.087000012,1.008999944,0.889999986,0.976999998
2535,1.087000012,1.008999944,0.889999986,0.976999998
2537,1.087000012,1.008999944,0.889999986,0.976999998
2539,1.087000012,1.008999944,0.889999986,0.976999998
2541,1.087000012,1.008999944,0.889999986,0.976999998
2543,1.087000012,1.008999944,0.889999986,0.976999998
2546,1.082999945,1.008999944,0.889999986,0.976999998
2548,1.087000012,1.008999944,0.889999986,0.980000019
2550,1.087000012,1.008999944,0.889999986,0.976999998
2552,1.087000012,1.008999944,0.889999986,0.976999998
2554,1.087000012,1.006000042,0.889999986,0.976999998
2556,1.087000012,1.006000042,0.889999986,0.976999998
2558,1.087000012,1.008999944,0.889999986,0.976999998
2561,1.087000012,1.008999944,0.889999986,0.976999998
2564,1.082999945,1.008999944,0.889999986,0.980000019
2567,1.087000012,1.008999944,0.889999986,0.980000019
2570,1.087000012,1.008999944,0.889999986,0.980000019
2572,1.087000012,1.008999944,0.889999986,0.976999998
2574,1.087000012,1.008999944,0.889999986,0.976999998
2576,1.087000012,1.008999944,0.889999986,0.976999998
2578,1.087000012,1.008999944,0.889999986,0.980000019
2580,1.087000012,1.008999944,0.889999986,0.976999998
2582,1.087000012,1.008999944,0.889999986,0.976999998
2584,1.087000012,1.008999944,0.889999986,0.976999998
2586,1.087000012,1.008999944,0.889999986,0.976999998
2588,1.087000012,1.008999944,0.887000024,0.976999998
2590,1.087000012,1.008999944,0.889999986,0.980000019
2592,1.087000012,1.008999944,0.889999986,0.976999998
2593,1.087000012,1.008999944,0.889999986,0.980000019
2594,1.087000012,1.008999944,0.889999986,0.976999998
2595,1.087000012,1.008999944,0.889999986,0.980000019
2596,1.082999945,1.008999944,0.889999986,0.980000019
2599,1.087000012,1.008999944,0.889999986,0.98299998
2601,1.087000012,1.008999944,0.889999986,0.980000019
2603,1.087000012,1.008999944,0.889999986,0.976999998
2605,1.087000012,1.008999944,0.889999986,0.976999998
2607,1.087000012,1.008999944,0.889999986,0.980000019
2609,1.087000012,1.008999944,0.889999986,0.976999998
2611,1.087000012,1.008999944,0.889999986,0.976999998
2613,1.087000012,1.008999944,0.887000024,0.980000019
2615,1.087000012,1.008999944,0.889999986,0.976999998
2617,1.087000012,1.008999944,0.889999986,0.976999998
2620,1.087000012,1.008999944,0.889999986,0.976999998
2623,1.087000012,1.008999944,0.887000024,0.976999998
2626,1.082999945,1.008999944,0.889999986,0.976999998
2629,1.082999945,1.008999944,0.889999986,0.976999998
2632,1.087000012,1.008999944,0.889999986,0.976999998
2635,1.087000012,1.006000042,0.887000024,0.980000019
2638,1.087000012,1.008999944,0.889999986,0.976999998
2641,1.087000012,1.008999944,0.889999986,0.980000019
2644,1.087000012,1.008999944,0.889999986,0.976999998
2647,1.082999945,1.008999944,0.887000024,0.980000019
2651,1.082999945,1.008999944,0.889999986,0.977
